StaySafe,1
StayHome,1
recipes,6
foodie,5
dhoklalove,1
sanjyotkeer,1
indiancuisine,3
indian,1
aloo,1
foodieofinstagram,2
stayhome,5
staysafe,5
quarantine,10
ContestAlert,1
EUMEStayHomeHero,2
EumeStayHomeHero,1
DoTheUndone,1
quarentine,1
foodiesofinstagram,1
streetfood,2
chaat,2
recipe,3
indianrecipes,1
ckin,1
dish,2
food,9
cuisine,8
ingredient,2
salad,2
kungpaochicken,2
meat,8
panzanella,2
produce,2
caponata,2
vegetable,2
twicecookedpork,2
chinesefood,4
salpicon,2
meal,2
tauco,2
navarin,2
sweetandsourchicken,2
lunch,2
sweetandsourpork,2
livestock,2
delicious,3
eat,2
foodpic,2
hot,2
foodporn,3
instafood,3
sweet,10
yum,2
instagood,7
photooftheday,6
photography,6
instapic,6
lockdown,9
swiggyshillong,7
coronavirus,7
shillongfoodblogger,7
foodinshillong,6
wheretohaveinshillong,6
yummy,6
eating,6
shillongfoodhub,6
foodgasm,7
foodies,6
pageforfoodies,6
instalike,12
instagram,6
shillongnews,2
21daysmore,1
more21days,1
shillongphotography,1
shillongtrip,1
shillongfood,1
shillongites,1
shillongblogger,1
shillongfoodies,1
shillongtourist,1
bloggerinindia,1
bloggerinshillong,1
bloggers,1
shillongfoodsters,1
swiggy,1
instaperfect,4
foodrush,10
appetizer,2
spicy,1
easyrecipes,2
bread,1
schezwan,1
holi,1
dryfruits,1
traditionalfood,1
festivalofcolours,1
pasta,1
spinach,1
spinachpasta,1
veggiepasta,1
palak,1
pastarecipe,1
greenpasta,1
panipuri,1
streetfoodofindia,1
noodles,1
garlic,1
fenugreek,1
creamy,1
peas,1
desikhana,1
punjabi,1
dosa,1
southindianfood,1
cheese,2
biryani,1
vegetarianrecipes,1
rice,1
potato,1
lollipop,1
chutney,1
paneer,1
strawberry,1
desserts,1
valentinesday2020,1
egglessbaking,1
GiveawayAlert,1
foodtalk,5
foodtalkindia,5
stayhappy,4
wfh,4
workfromhome,4
socialdistancing,4
cookoffs,2
netflix,2
stream,2
staypositive,3
talkrecipe,2
talkstreaming,2
virtualgames,2
poker,2
onlinepoker,2
giveaway,1
NoQuarantineBlues,1
TalkRecipe,2
TalkDrinks,1
TalkStreaming,1
virtualclasses,1
workout,1
cook,1
cocktails,2
spanish,1
french,1
QuarantineAndChill,1
QarantineGroceryList,1
grocerylist,1
grocery,1
pantry,1
whattostock,1
lockdownpantry,1
shopwisely,1
quarantinemanagement,1
quarantine2020,1
Quarantipples,1
WhippedCoffeeGin,1
Dalgona,1
cocktailguide,1
delhinightlife,1
cocktailbars,1
cocktailtime,1
cocktailsofinstagram,1
cocktailworld,1
cocktailoftheday,1
saturday,1
bartending,1
gin,1
whippedcoffee,1
whippedcoffeegin,1
negroni,1
EasyButterChicken,1
foodphotography,1
foodlover,1
homemade,1
foodstagram,1
restaurant,1
cooking,1
butter,1
butterchicken,1
butterchickenlovers,1
chicken,1
chickenrecipe,1
